{"cameraMode":{"drawMode":2,"name":"Shaded Wireframe","section":"Shading Mode"},"sceneLighting":true,"audioPlay":false,"sceneViewState":{"showFog":true,"showMaterialUpdate":false,"showSkybox":true,"showFlares":true,"showImageEffects":true,"showParticleSystems":true},"in2DMode":false,"pivot":{"x":-3.7352304458618166,"y":2.212278366088867,"z":15.368854522705079},"rotation":{"x":-0.04023022949695587,"y":0.16618427634239198,"z":-0.006788801401853561,"w":-0.9852592945098877},"size":29.338197708129884,"orthographic":false}